acc,acc_lo,acc_hi,auroc,auc_lo,auc_hi,n,context,model
0.6507633587786259,0.6125477099236641,0.6927480916030534,0.7185241841491841,0.6766221700666171,0.7599948033310892,524,ALL,"AlphaGenome (1MB, ATAC/DNASE)"
0.7142857142857143,0.5238095238095238,0.9047619047619048,0.6727272727272727,0.3999537037037037,0.9074074074074074,21,HEK293T (control),"AlphaGenome (1MB, ATAC/DNASE)"
0.6509433962264151,0.5849056603773585,0.7122641509433962,0.7381397418780596,0.6691487759079842,0.8014490627030849,212,HepG2 (hepatocellular),"AlphaGenome (1MB, ATAC/DNASE)"
0.6824034334763949,0.6223175965665236,0.7424892703862661,0.7444985969576134,0.6802268178671547,0.807505741478987,233,K562 (erythroleukemia),"AlphaGenome (1MB, ATAC/DNASE)"
0.5555555555555556,0.3333333333333333,0.7777777777777778,0.675,0.3950066137566138,0.925,18,brain (mouse tissue MPRA),"AlphaGenome (1MB, ATAC/DNASE)"
0.5,0.34375,0.65625,0.5291666666666667,0.3058823529411765,0.7344247159090906,32,immune (THP-1 macrophage),"AlphaGenome (1MB, ATAC/DNASE)"
0.375,0.0,0.75,0.6666666666666667,0.1428571428571429,1.0,8,microglia (HMC3),"AlphaGenome (1MB, ATAC/DNASE)"
0.5,0.3620689655172414,0.6379310344827587,0.5496323529411765,0.3939264354066986,0.7024494206773618,58,WEDGE-POOLED,"AlphaGenome (1MB, ATAC/DNASE)"
