acc,acc_lo,acc_hi,auroc,auc_lo,auc_hi,n,context,model
0.6526717557251909,0.6145038167938931,0.6946564885496184,0.7258668414918416,0.6837035987995489,0.7668784949098556,524,ALL,"AlphaGenome (1MB, ATAC/DNASE)"
0.6190476190476191,0.42857142857142855,0.8095238095238095,0.6454545454545454,0.36534090909090905,0.8796843434343432,21,HEK293T (control),"AlphaGenome (1MB, ATAC/DNASE)"
0.6509433962264151,0.5849056603773585,0.7122641509433962,0.7381397418780596,0.6691487759079842,0.8014490627030849,212,HepG2 (hepatocellular),"AlphaGenome (1MB, ATAC/DNASE)"
0.6824034334763949,0.6223175965665236,0.7424892703862661,0.7444985969576134,0.6802268178671547,0.807505741478987,233,K562 (erythroleukemia),"AlphaGenome (1MB, ATAC/DNASE)"
0.5555555555555556,0.3333333333333333,0.7777777777777778,0.7,0.4155073051948052,0.9444940476190473,18,brain (mouse tissue MPRA),"AlphaGenome (1MB, ATAC/DNASE)"
0.59375,0.4375,0.75,0.6291666666666667,0.42062629399585927,0.8177201704545454,32,immune (THP-1 macrophage),"AlphaGenome (1MB, ATAC/DNASE)"
0.375,0.0,0.75,0.6666666666666667,0.1428571428571429,1.0,8,microglia (HMC3),"AlphaGenome (1MB, ATAC/DNASE)"
0.5517241379310345,0.41379310344827586,0.6896551724137931,0.6158088235294118,0.4594326003021655,0.7580784204671857,58,WEDGE-POOLED,"AlphaGenome (1MB, ATAC/DNASE)"
