acc,acc_lo,acc_hi,auroc,auc_lo,auc_hi,n,context,model
0.651252408477842,0.6107418111753372,0.6917148362235067,0.7235696886882129,0.679464140939281,0.7659741574742843,519,ALL,"AlphaGenome (1MB, ATAC/DNASE)"
0.6111111111111112,0.3888888888888889,0.8333333333333334,0.625,0.31167388167388166,0.8961038961038961,18,HEK293T (control),"AlphaGenome (1MB, ATAC/DNASE)"
0.6509433962264151,0.5849056603773585,0.7169811320754716,0.7381397418780596,0.6703269788830114,0.8003654151183529,212,HepG2 (hepatocellular),"AlphaGenome (1MB, ATAC/DNASE)"
0.6824034334763949,0.6223175965665236,0.7424892703862661,0.7444985969576134,0.6777727406752175,0.805845384808853,233,K562 (erythroleukemia),"AlphaGenome (1MB, ATAC/DNASE)"
0.5555555555555556,0.3333333333333333,0.7777777777777778,0.7,0.4025974025974026,0.9386111111111103,18,brain (mouse tissue MPRA),"AlphaGenome (1MB, ATAC/DNASE)"
0.5806451612903226,0.41935483870967744,0.7419354838709677,0.6096491228070176,0.4,0.8000854700854697,31,immune (THP-1 macrophage),"AlphaGenome (1MB, ATAC/DNASE)"
0.2857142857142857,0.0,0.5714285714285714,0.6,0.0,1.0,7,microglia (HMC3),"AlphaGenome (1MB, ATAC/DNASE)"
0.5357142857142857,0.4107142857142857,0.6607142857142857,0.591796875,0.4374979838709677,0.7359013605442177,56,WEDGE-POOLED,"AlphaGenome (1MB, ATAC/DNASE)"
