acc,acc_lo,acc_hi,auroc,auc_lo,auc_hi,n,context,model
0.6358381502890174,0.5953757225433526,0.674373795761079,0.6746375950570342,0.6281184933281648,0.7196836954561677,519,ALL,"Borzoi (524kb, DNASE/ATAC)"
0.6666666666666666,0.4444444444444444,0.8888888888888888,0.725,0.4675108225108225,0.948051948051948,18,HEK293T (control),"Borzoi (524kb, DNASE/ATAC)"
0.6745283018867925,0.6132075471698113,0.7358490566037735,0.7287939474855362,0.658982249576309,0.7920684635710655,212,HepG2 (hepatocellular),"Borzoi (524kb, DNASE/ATAC)"
0.6008583690987125,0.5364806866952789,0.6609442060085837,0.6204401122433909,0.5468148416848636,0.6886153795115374,233,K562 (erythroleukemia),"Borzoi (524kb, DNASE/ATAC)"
0.6666666666666666,0.4444444444444444,0.8888888888888888,0.7875000000000001,0.524862012987013,0.9861111111111112,18,brain (mouse tissue MPRA),"Borzoi (524kb, DNASE/ATAC)"
0.5806451612903226,0.3870967741935484,0.7419354838709677,0.6666666666666667,0.42853896103896105,0.877286967418546,31,immune (THP-1 macrophage),"Borzoi (524kb, DNASE/ATAC)"
0.7142857142857143,0.42857142857142855,1.0,0.5,0.0,1.0,7,microglia (HMC3),"Borzoi (524kb, DNASE/ATAC)"
0.625,0.5,0.75,0.6927083333333334,0.535699461777048,0.8346248221906116,56,WEDGE-POOLED,"Borzoi (524kb, DNASE/ATAC)"
