context,model,acc,ci_lo,ci_hi,auroc,n,majority
microglia (3'UTR),PWM (floor),0.4881889763779528,0.4015748031496063,0.5826771653543307,,127,0.5511811023622047
microglia (3'UTR),Logistic-motif (floor),0.5433070866141733,0.4566929133858268,0.6299212598425197,,127,0.5511811023622047
microglia (3'UTR),AlphaGenome,0.48031496062992124,0.40137795275590554,0.5669291338582677,0.48822055137844617,127,0.5511811023622047
SH-SY5Y (neuroblastoma 3'UTR),PWM (floor),0.3972602739726027,0.2876712328767123,0.5068493150684932,,73,0.6164383561643836
SH-SY5Y (neuroblastoma 3'UTR),Logistic-motif (floor),0.5205479452054794,0.410958904109589,0.6301369863013698,,73,0.6164383561643836
SH-SY5Y (neuroblastoma 3'UTR),AlphaGenome,0.4520547945205479,0.3424657534246575,0.5616438356164384,0.42777777777777776,73,0.6164383561643836
