stratum,n,concordance,ci_lo,ci_hi,binom_p
all paired (no sig filter),1322,0.5113464447806354,0.4848714069591528,0.537821482602118,0.4251163666720216
significant in BOTH layers,354,0.5056497175141242,0.4548022598870056,0.556497175141243,0.8733447035607342
caQTL-significant,617,0.5186385737439222,0.47974068071312803,0.5575364667747164,0.37580044806952323
eQTL-significant,744,0.5026881720430108,0.46639784946236557,0.5376344086021505,0.9124306748636692
