{"auroc": 0.44142025089605735, "ci": [0.3608541619837151, 0.5237796133042076], "n_test": 189, "n_train": 496}