{
  "rs_log2fc": 0.0263573731406306,
  "null_n": 266,
  "null_mean": -0.0009805194187747542,
  "null_sd": 0.07523893971545174,
  "null_abs_mean": 0.04383393823737654,
  "null_abs_sd": 0.06115918023026335,
  "pct_signed": 75.56390977443608,
  "pct_abs": 54.13533834586466,
  "z_abs": -0.28575538506152215,
  "pct_abs_matched": 57.407407407407405,
  "n_matched": 54,
  "null_abs_pctls": {
    "50": 0.024493425153195858,
    "90": 0.10462839528918266,
    "95": 0.1684214025735855,
    "99": 0.2689890742301944
  }
}