{"withbias_log2fc": 0.025071630842780242, "nobias_log2fc": 0.0263573731406306}